timestamp,operation,result
2025-06-30T11:06:58.733647,+ 10 5,15.0
2025-06-30T11:06:58.937623,* 3 4,12.0
2025-06-30T11:39:32.960838,+ 10 5,15.0
2025-06-30T11:39:33.195977,* 3 4,12.0
2025-06-30T11:43:04.083372,+ 10 5,15.0
2025-06-30T11:43:04.089082,* 3 4,12.0
2025-06-30T19:59:30.002332,+ 10 5,15.0
2025-06-30T19:59:30.010020,* 3 4,12.0
2025-06-30T20:09:43.163870,+ 10 5,15.0
2025-06-30T20:09:43.169624,* 3 4,12.0
2025-06-30T20:26:59.027984,+ 10 5,15.0
2025-06-30T20:26:59.032764,* 3 4,12.0
2025-06-30T20:41:46.099011,+ 10 5,15.0
2025-06-30T20:41:46.104001,* 3 4,12.0
2025-06-30T20:43:33.128579,+ 10 5,15.0
2025-06-30T20:43:33.133997,* 3 4,12.0
